-- MySQL dump 10.13  Distrib 5.7.24, for Win64 (x86_64)
--
-- Host: 127.0.0.1    Database: blog
-- ------------------------------------------------------
-- Server version	5.5.5-10.1.38-MariaDB

/*!40101 SET @OLD_CHARACTER_SET_CLIENT=@@CHARACTER_SET_CLIENT */;
/*!40101 SET @OLD_CHARACTER_SET_RESULTS=@@CHARACTER_SET_RESULTS */;
/*!40101 SET @OLD_COLLATION_CONNECTION=@@COLLATION_CONNECTION */;
/*!40101 SET NAMES utf8 */;
/*!40103 SET @OLD_TIME_ZONE=@@TIME_ZONE */;
/*!40103 SET TIME_ZONE='+00:00' */;
/*!40014 SET @OLD_UNIQUE_CHECKS=@@UNIQUE_CHECKS, UNIQUE_CHECKS=0 */;
/*!40014 SET @OLD_FOREIGN_KEY_CHECKS=@@FOREIGN_KEY_CHECKS, FOREIGN_KEY_CHECKS=0 */;
/*!40101 SET @OLD_SQL_MODE=@@SQL_MODE, SQL_MODE='NO_AUTO_VALUE_ON_ZERO' */;
/*!40111 SET @OLD_SQL_NOTES=@@SQL_NOTES, SQL_NOTES=0 */;

--
-- Table structure for table `blog_cats`
--

DROP TABLE IF EXISTS `blog_cats`;
/*!40101 SET @saved_cs_client     = @@character_set_client */;
/*!40101 SET character_set_client = utf8 */;
CREATE TABLE `blog_cats` (
  `catID` int(11) unsigned NOT NULL AUTO_INCREMENT,
  `catTitle` varchar(255) DEFAULT NULL,
  `catSlug` varchar(255) DEFAULT NULL,
  PRIMARY KEY (`catID`)
) ENGINE=InnoDB AUTO_INCREMENT=18 DEFAULT CHARSET=latin1;
/*!40101 SET character_set_client = @saved_cs_client */;

--
-- Dumping data for table `blog_cats`
--

LOCK TABLES `blog_cats` WRITE;
/*!40000 ALTER TABLE `blog_cats` DISABLE KEYS */;
INSERT INTO `blog_cats` VALUES (13,'TECH','tech'),(14,'SPORT','sport'),(15,'NEWS','news'),(16,'CULTURE','culture'),(17,'LIFESTYLE','lifestyle');
/*!40000 ALTER TABLE `blog_cats` ENABLE KEYS */;
UNLOCK TABLES;

--
-- Table structure for table `blog_comments`
--

DROP TABLE IF EXISTS `blog_comments`;
/*!40101 SET @saved_cs_client     = @@character_set_client */;
/*!40101 SET character_set_client = utf8 */;
CREATE TABLE `blog_comments` (
  `commID` int(11) NOT NULL AUTO_INCREMENT,
  `postID` int(11) DEFAULT NULL,
  `memberID` int(11) DEFAULT NULL,
  `comm_author` varchar(255) DEFAULT NULL,
  `commDesc` text,
  `commStatus` varchar(255) DEFAULT NULL,
  `commDate` datetime DEFAULT NULL,
  PRIMARY KEY (`commID`)
) ENGINE=InnoDB AUTO_INCREMENT=14 DEFAULT CHARSET=latin1;
/*!40101 SET character_set_client = @saved_cs_client */;

--
-- Dumping data for table `blog_comments`
--

LOCK TABLES `blog_comments` WRITE;
/*!40000 ALTER TABLE `blog_comments` DISABLE KEYS */;
INSERT INTO `blog_comments` VALUES (1,44,3,'Bloger','Go Chelsea, go!!!','approved','2019-05-28 23:30:18'),(2,47,3,'Bloger','I like cheap things..','approved','2019-05-28 23:31:02'),(3,50,3,'Bloger','That will be awesome!!!','approved','2019-05-28 23:31:54'),(4,44,4,'Bloger2','I like Arsenal, they play good football...','approved','2019-05-28 23:33:05'),(5,46,4,'Bloger2','They don´t know what they doing?!','approved','2019-05-28 23:34:19'),(6,49,4,'Bloger2','School is boring..','approved','2019-05-28 23:36:13'),(7,39,7,'Bloger3','It was time!','approved','2019-05-28 23:37:08'),(8,49,7,'Bloger3','A girl must be allowed to play football!!!','approved','2019-05-28 23:38:08'),(9,52,8,'Bloger4','Apple is shit!!','unapproved','2019-05-28 23:39:32'),(11,39,8,'Bloger4','Kurz is an asshole!!','unapproved','2019-05-28 23:42:22'),(12,50,1,'Admin','I like SpaceX','approved','2019-05-28 23:44:06'),(13,48,13,'bloger5','I like potatoes!!','approved','2019-05-28 23:46:36');
/*!40000 ALTER TABLE `blog_comments` ENABLE KEYS */;
UNLOCK TABLES;

--
-- Table structure for table `blog_members`
--

DROP TABLE IF EXISTS `blog_members`;
/*!40101 SET @saved_cs_client     = @@character_set_client */;
/*!40101 SET character_set_client = utf8 */;
CREATE TABLE `blog_members` (
  `memberID` int(11) unsigned NOT NULL AUTO_INCREMENT,
  `username` varchar(255) DEFAULT NULL,
  `password` varchar(255) DEFAULT NULL,
  `email` varchar(255) DEFAULT NULL,
  `status` varchar(255) DEFAULT NULL,
  PRIMARY KEY (`memberID`)
) ENGINE=InnoDB AUTO_INCREMENT=14 DEFAULT CHARSET=latin1;
/*!40101 SET character_set_client = @saved_cs_client */;

--
-- Dumping data for table `blog_members`
--

LOCK TABLES `blog_members` WRITE;
/*!40000 ALTER TABLE `blog_members` DISABLE KEYS */;
INSERT INTO `blog_members` VALUES (1,'Admin','$2y$10$odaULHXba9Z0AqBAxl.JUOZgjafHxozmQVowHuFis90bU/b3hPV1C','admin@blog.com','Admin'),(3,'Bloger','$2y$10$0uf48Zw0oeZGhX61d29lDOXXrvHKKbO.OxTH.ZIV/ADwme72IBw/.','bloger@blog.com','User'),(4,'Bloger2','$2y$10$PRXgSO53EHgBdghw5opyCO/YTO7PRc.Yg8xzOBkCQepSDX0i8mySe','bloger2@blog.com','User'),(7,'Bloger3','$2y$10$76M4QFU/o146tbTAyeljiuj5EeZDv/uUkP9EhlxeXN/9X.YNC0OaO','bloger3@blog.com',NULL),(8,'Bloger4','$2y$10$fCFbkQ60zf.LGoKKr66xIOYVBVNxn/m1pcx.jU8t/0SBSO3swcTq2','bloger4@blog.com',NULL),(13,'bloger5','$2y$10$NxRxeMuZNrgijFoyuYWAD.WJ3B5pSblZLFDykEJZnaRG/drS88y1u','bloger5@blog.com',NULL);
/*!40000 ALTER TABLE `blog_members` ENABLE KEYS */;
UNLOCK TABLES;

--
-- Table structure for table `blog_post_cats`
--

DROP TABLE IF EXISTS `blog_post_cats`;
/*!40101 SET @saved_cs_client     = @@character_set_client */;
/*!40101 SET character_set_client = utf8 */;
CREATE TABLE `blog_post_cats` (
  `id` int(11) unsigned NOT NULL AUTO_INCREMENT,
  `postID` int(11) DEFAULT NULL,
  `catID` int(11) DEFAULT NULL,
  PRIMARY KEY (`id`)
) ENGINE=InnoDB AUTO_INCREMENT=125 DEFAULT CHARSET=latin1;
/*!40101 SET character_set_client = @saved_cs_client */;

--
-- Dumping data for table `blog_post_cats`
--

LOCK TABLES `blog_post_cats` WRITE;
/*!40000 ALTER TABLE `blog_post_cats` DISABLE KEYS */;
INSERT INTO `blog_post_cats` VALUES (14,13,11),(15,14,10),(16,12,12),(17,12,10),(18,15,13),(19,16,13),(20,17,14),(21,18,15),(22,19,15),(25,20,15),(26,20,15),(27,20,15),(28,21,15),(29,20,15),(30,21,15),(31,22,15),(32,23,15),(33,24,14),(34,25,15),(35,26,15),(36,27,15),(37,28,14),(38,29,14),(39,30,15),(40,31,15),(41,32,14),(42,33,15),(43,34,15),(44,35,15),(45,36,15),(47,38,15),(61,53,15),(62,54,15),(63,55,15),(64,56,15),(65,57,15),(66,58,15),(67,19,15),(68,20,15),(69,21,15),(70,22,15),(71,23,15),(72,24,15),(73,25,15),(74,26,15),(75,27,15),(76,28,15),(77,29,15),(78,31,15),(79,34,17),(80,35,15),(81,36,17),(83,38,14),(99,41,16),(100,42,16),(101,43,16),(102,40,15),(103,39,15),(104,37,15),(112,46,14),(113,45,14),(115,49,17),(116,44,14),(117,48,17),(118,47,17),(120,50,13),(122,51,13),(124,52,13);
/*!40000 ALTER TABLE `blog_post_cats` ENABLE KEYS */;
UNLOCK TABLES;

--
-- Table structure for table `blog_posts`
--

DROP TABLE IF EXISTS `blog_posts`;
/*!40101 SET @saved_cs_client     = @@character_set_client */;
/*!40101 SET character_set_client = utf8 */;
CREATE TABLE `blog_posts` (
  `postID` int(11) unsigned NOT NULL AUTO_INCREMENT,
  `postTitle` varchar(255) DEFAULT NULL,
  `postSlug` varchar(255) DEFAULT NULL,
  `postDesc` text,
  `postCont` text,
  `postDate` datetime DEFAULT NULL,
  PRIMARY KEY (`postID`)
) ENGINE=InnoDB AUTO_INCREMENT=53 DEFAULT CHARSET=latin1;
/*!40101 SET character_set_client = @saved_cs_client */;

--
-- Dumping data for table `blog_posts`
--

LOCK TABLES `blog_posts` WRITE;
/*!40000 ALTER TABLE `blog_posts` DISABLE KEYS */;
INSERT INTO `blog_posts` VALUES (37,'Macron and Merkel at odds over EU top jobs after European elections','macron-and-merkel-at-odds-over-eu-top-jobs-after-european-elections','<p>German backing of MEP Manfred Weber to replace Juncker has met with resistance from France</p>','<p>Paris and Berlin appear on a collision course over the replacement of Jean-Claude Juncker as president of the European commission after <a class=\"u-underline\" href=\"https://www.theguardian.com/politics/2019/may/26/european-elections-centrist-parties-projected-lose-grip-power\" data-link-name=\"in body link\">poor results for the centre-right in the European elections</a> damaged Angela Merkel&rsquo;s choice for the post.</p>\r\n<p>The German chancellor&rsquo;s backing for the German MEP Manfred Weber, who leads the European People&rsquo;s party of which her CDU party is a member, is facing tough resistance from the French president <a class=\"u-underline\" href=\"https://www.theguardian.com/world/emmanuel-macron\" data-link-name=\"auto-linked-tag\" data-component=\"auto-linked-tag\">Emmanuel Macron</a> in the post-election jockeying for top jobs.</p>\r\n<p>The EU heads of state and government, including Theresa May, are due to meet on Tuesday night to kickstart their discussions over the leadership of the bloc&rsquo;s institutions after a set of election results that weakened the grip of the traditional centrist parties on the levers of power in Brussels.</p>\r\n<div id=\"dfp-ad--inline1\" class=\"js-ad-slot ad-slot ad-slot--inline ad-slot--inline1 ad-slot--rendered\" data-link-name=\"ad slot inline1\" data-name=\"inline1\" data-mobile=\"1,1|2,2|300,197|300,250|300,274|fluid\" data-phablet=\"1,1|2,2|300,197|300,250|300,274|620,350|fluid\" data-desktop=\"1,1|2,2|300,250|300,274|620,1|620,350|fluid\" data-google-query-id=\"CNCQ2OKzvOICFRUU4Aodt4kPgQ\">\r\n<div class=\"ad-slot__label\">Advertisement</div>\r\n</div>\r\n<p>The European People&rsquo;s party (EPP) remains the largest in the parliament, but during a disappointing night its haul of seats plummeted from 221 in 2014 to 180, prompting Weber to concede that the &ldquo;centre is shrinking&rdquo;.</p>\r\n<p>The Socialists and Democrats group&rsquo;s 191 seats five years ago fell to 145 despite surprisingly strong results in Spain and the Netherlands, where they topped the polls.</p>\r\n<p>It is the first time in 40 years that the two groups are not able to form a stable majority to allow them to carve up the top jobs and set the legislative agenda. The member states choice for commission president also requires endorsement by a majority in the parliament.</p>\r\n<p>The big winners on Sunday were the Greens, up from 50 to 69 seats and the Alliance of Liberals and Democrats group with 109 seats, up from 67 five years ago due to the influx of France&rsquo;s La R&eacute;publique En Marche (La REM) and British Liberal Democrat MEPs.</p>\r\n<p>On Sunday night, the Greens co-leader, the Belgian MEP Philippe Lamberts, said: &ldquo;To make a stable majority in this parliament the Greens are now indispensable.&rdquo;</p>\r\n<p>The EPP, however, retains its position as the largest group, prompting Annegret Kramp-Karrenbauer, the leader of Merkel&rsquo;s CDU party, to insist on Monday that Weber was the &ldquo;lead candidate and he is our man for European Commission president &ndash; and we have achieved this goal&rdquo;.</p>','2019-05-27 21:15:49'),(39,'Austrian chancellor Sebastian Kurz ousted in no-confidence vote','austrian-chancellor-sebastian-kurz-ousted-in-no-confidence-vote','<p>Motion, backed by Social Democrat and far-right Freedom party MPs, follows sting scandal</p>','<p>Austria&rsquo;s chancellor has been ousted in a no-confidence vote just a day after his centre-right party enjoyed a triumphant night in the <a class=\"u-underline\" href=\"https://www.theguardian.com/world/european-elections\" data-link-name=\"auto-linked-tag\" data-component=\"auto-linked-tag\">European elections</a>, after opposition politicians lost faith in his handling of a corruption scandal that has engulfed his former far-right coalition partner.</p>\r\n<p><a class=\"u-underline\" href=\"https://www.theguardian.com/world/austria\" data-link-name=\"auto-linked-tag\" data-component=\"auto-linked-tag\">Austria</a> will be governed by a technocratic administration of experts and senior civil servants until fresh elections scheduled for early September.</p>\r\n<p>During a debate in which the delegates of the far-right Freedom party (FP&Ouml;) resolutely refused to lend Sebastian Kurz the customary applause, rightwing populist politicians accused the centre-right chancellor of trying to use the so-called <a class=\"u-underline\" href=\"https://www.theguardian.com/world/2019/may/20/austria-ibiza-scandal-sting-operation-what-happened-why-does-it-matter\" data-link-name=\"in body link\">Ibiza</a><a class=\"u-underline\" href=\"https://www.theguardian.com/world/2019/may/20/austria-ibiza-scandal-sting-operation-what-happened-why-does-it-matter\" data-link-name=\"in body link\"> scandal</a> to consolidate his power at the top of government.</p>\r\n<p>Opposition delegates said that Kurz, the leader of the Austrian People&rsquo;s party (&Ouml;VP), had not shown enough willingness to enter into a dialogue with parliament during his time as chancellor. &ldquo;You only showed contempt for parliament and Austrian democracy&rdquo;, said the SP&Ouml;&rsquo;s J&ouml;rg Leichtfried.</p>\r\n<p>The vote makes Austria&rsquo;s youthful chancellor the final figure to be swept away by a political avalanche unleashed by the Ibiza scandal.</p>\r\n<p>The German publications Der Spiegel and S&uuml;ddeutsche Zeitung published a video on their websites last week that shows Heinz-Christian Strache, the FP&Ouml; leader, and his parliamentary leader, Johann Gudenus, talking to an unidentified woman purporting to be the niece of a Russian oligarch about how she could invest in Austria.</p>\r\n<p>During the six-hour meeting at a luxury resort on Ibiza, the woman expresses an interest in gaining control of the country&rsquo;s largest-circulation tabloid, the Kronen Zeitung, to which Strache replies that after staff changes at the paper, it could help the FP&Ouml; in its election campaign. A chain-smoking Strache is then filmed saying the woman would be able to gain access to artificially-inflated state contracts.</p>','2019-05-27 21:17:42'),(40,'Bernie Sanders to demand Walmart raise ','bernie-sanders-to-demand-walmart-raise','<p>US Democratic candidate will gatecrash the retailer&rsquo;s annual meeting in Arkansas in June</p>','<p><a class=\"u-underline\" href=\"https://www.theguardian.com/us-news/bernie-sanders\" data-link-name=\"auto-linked-tag\" data-component=\"auto-linked-tag\">Bernie Sanders</a>, a leading Democratic presidential candidate, is preparing to gatecrash Walmart&rsquo;s annual meeting to demand the world&rsquo;s biggest retailer increase its 2.2 million workers &ldquo;poverty wages&rdquo;.</p>\r\n<p>Sanders is expected to attack the multi-billionaire Walton family, who own <a class=\"u-underline\" href=\"https://www.theguardian.com/business/wal-mart\" data-link-name=\"auto-linked-tag\" data-component=\"auto-linked-tag\">Walmart</a>, for paying its full-time workers an average of just $14.26 per hour (&pound;11.25) while handing the chief executive, Doug McMillon, a $23.6m pay package.</p>\r\n<p>McMillon&rsquo;s pay is 1,076 times that collected by the median worker, and makes him by far the best paid person in Arkansas, where Walmart is based and where the AGM will be held.</p>\r\n<p>&ldquo;Walmart workers are sick and tired of being paid poverty wages, while the Walton family is worth over $170bn,&rdquo; the Vermont senator <a class=\"u-underline\" href=\"https://twitter.com/BernieSanders/status/1130833256826494981\" data-link-name=\"in body link\">said in a tweet</a>. &ldquo;I&rsquo;m honored to have been invited by Walmart workers to demand they have a seat on the company&rsquo;s board.&rdquo;</p>\r\n<p>Sanders, a <a class=\"u-underline\" href=\"https://www.theguardian.com/us-news/2018/nov/17/bernie-sanders-stop-walmart-act-ceo-pay-low-wages\" data-link-name=\"in body link\">longtime critic of working conditions</a> at the nation&rsquo;s biggest private employer, will introduce the workers proposal at the annual meeting in Rogers, Arkansas, on 5 June. However, there is very little chance of the proposal attracting enough votes.</p>\r\n<p>Sanders will speak as a proxy for Cat Davis, a Walmart employee who filed the latest action. &ldquo;We should have the power to decide what happens at the company many of us have given our working lives to,&rdquo; Davis said in a statement. &ldquo;Associates deserve more from Walmart than we&rsquo;re getting right now, especially as we&rsquo;re the ones who create the company&rsquo;s profits. Senator Sanders recognises that.&rdquo;</p>','2019-05-27 21:18:48'),(41,'Hayley Atwell: how I fell for a blazing feminist who fascinated Freud','hayley-atwell-how-i-fell-for-a-blazing-feminist-who-fascinated-freud','<p>he British star of period dramas and superhero movies thought Ibsen&rsquo;s Rosmersholm would be all bum rolls and dusty parlours. But it gave her one of her most mercurial roles</p>','<p>Some consider <a class=\"u-underline\" href=\"https://www.theguardian.com/stage/2019/may/03/rosmersholm-review-haylet-atwell-tom-burke-ibsen\" data-link-name=\"in body link\">Rosmersholm</a> to be Ibsen&rsquo;s masterpiece. Yet the work is seldom staged, despite the fact that Ibsen is the second most performed playwright in the world after Shakespeare. And it seems no one can pronounce the play&rsquo;s name. Is it Roshmerschlum? Roshmerbosh? Rumblebum? Rashmagash?</p>\r\n<p>When the offer came in to play the drama&rsquo;s heroine, Rebecca West, the first image that came to my mind was of a dusty parlour made entirely of brown carpet. I expected a bum roll under a crinoline and a lot of moping in metaphors. So how am I now here at the Duke of York&rsquo;s theatre, sitting on the bed in Dressing Room One (which has a bed in it, thanks to <a class=\"u-underline\" href=\"https://www.theguardian.com/culture/2019/may/22/ian-mckellen-patrick-stewart-judi-dench-anthony-hopkins-derek-jacobi-helen-mirren\" data-link-name=\"in body link\">Ian McKellen</a>) and performing this play eight times a week to a packed house?</p>\r\n<aside class=\"element element-rich-link element--thumbnail element-rich-link--upgraded\" data-component=\"rich-link\" data-link-name=\"rich-link-1 | 1\">\r\n<div class=\"rich-link tone-review--item rich-link--pillar-arts\">\r\n<div class=\"rich-link__container\">\r\n<div class=\"rich-link__header\">\r\n<h2 class=\"rich-link__title\"><a class=\"rich-link__link\"> Rosmersholm review &ndash; Atwell and Burke are breathtaking in Ibsen masterpiece </a></h2>\r\n<span class=\"u-h\">5 out of 5 stars.</span>\r\n<div class=\"stars fc-item__stars\">&nbsp;</div>\r\n</div>\r\n</div>\r\n</div>\r\n</aside>\r\n<div class=\"rich-link__header\">&nbsp;</div>\r\n<div class=\"rich-link__read-more\">&nbsp;</div>\r\n<aside class=\"element element-rich-link element--thumbnail element-rich-link--upgraded\" data-component=\"rich-link\" data-link-name=\"rich-link-1 | 1\">\r\n<div class=\"rich-link tone-review--item rich-link--pillar-arts\">\r\n<div class=\"rich-link__container\">\r\n<div class=\"rich-link__read-more\">\r\n<div class=\"rich-link__arrow\">&nbsp;</div>\r\n<div class=\"rich-link__read-more-text\">Read more</div>\r\n</div>\r\n</div>\r\n</div>\r\n</aside>\r\n<p>Well, I read the script and was captivated. I had no idea what would happen at the end, but when it came it felt at once satisfying, inevitable and mysterious. <a class=\"u-underline\" href=\"https://www.theguardian.com/stage/duncan-macmillan\" data-link-name=\"in body link\">Duncan Macmillan</a>, its adapter, had dusted out the parlour, stripped the brown carpets of baggy exposition and transposed Ibsen&rsquo;s big ideas into something accessible to the modern ear. &ldquo;This is what happens when the general public becomes engaged with politics,&rdquo; says the conservative Governor Kroll. &ldquo;They get duped into voting against their own interests. They&rsquo;d be better off leaving it to the people who know what they&rsquo;re talking about.&rdquo; Our audiences audibly gasp in recognition of the arguments and ideas that are all too familiar in today&rsquo;s political climate. These are told entirely through passionate, personal relationships. The integrity of Ibsen&rsquo;s story and its themes remain potent, its metaphors vivid and chilling. Lucy Briers, my co-star, does wear a bum roll, however. Personal choice.</p>\r\n<p>Firstly, for clarity, it&rsquo;s Ros-mers-home, which translates as, well, Rosmer&rsquo;s home. In our version it is the eve of a general election and there are many undecided voters. Kroll visits the great house of John Rosmer, former pastor of the town. As a man of influence and power, Rosmer can swing this election &ndash; and Kroll, his brother-in-law, is counting on him.</p>\r\n<p>What Kroll doesn&rsquo;t know is that Rosmer is undergoing a crisis. He has expunged his faith, his background, his beliefs. He now wants to use his privilege to help free society from the corrupt political elite and the dead hand of the church. But in doing so, he has been left with a vast, existential hole. What can he fill it with? If God is dead, who can Rosmer turn to? Himself? Who&rsquo;s that then? He is both lost and highly suggestible. Underpinning this is the insurmountable wall of grief he is battling after the suicide of his wife &ndash; Kroll&rsquo;s sister Beth &ndash; a year earlier. The riddle of her death still holds the living captive.</p>','2019-05-27 21:19:38'),(42,'Femi Elufowoju Jr: Why did Tennessee Williams marginalise African Americans?','femi-elufowoju-jr-why-did-tennessee-williams-marginalise-african-americans','<p>The director takes about hearing The Glass Menagerie differently &ndash; and recalls the day he realised he had to do more than act</p>','<p>His career has spanned more than three decades, but <a class=\"u-underline\" href=\"https://en.wikipedia.org/wiki/Femi_Elufowoju_Jr.\" data-link-name=\"in body link\">Femi Elufowoju Jr</a> has never been as busy as he is now. &ldquo;I&rsquo;ve never had the opportunity to direct two shows back to back for the same building,&rdquo; says the director. When he walked past the posters for both shows, side by side, he said: &ldquo;Oh, this is crazy.&rdquo;</p>\r\n<p>Bim Adewunmi&rsquo;s debut play <a class=\"u-underline\" href=\"https://www.theguardian.com/stage/2019/may/22/hoard-review-bim-adewunmi-arcola\" data-link-name=\"in body link\">Hoard</a> opened in the smaller space of the Arcola, London, earlier this month, and now Tennessee Williams&rsquo; The Glass Menagerie is in the main studio, after its run at Watford Palace.</p>\r\n<p>&ldquo;One&rsquo;s contemporary, first-time writer, set in 2019 east London. The other is set across the Atlantic, more than 80 years old, has had so many outings, and is by one of America&rsquo;s greatest, passed playwrights.&rdquo; They couldn&rsquo;t be more different, he says, and yet &ldquo;there&rsquo;s a marriage of themes&rdquo;. Both stories explore &ldquo;family, mothers, the home&rdquo; and both are set in one place, &ldquo;dealing with the trials and tribulations of the generation gap, needs, ambition&rdquo;. He claps his hands together and grins. &ldquo;I&rsquo;m really excited.&rdquo;</p>','2019-05-27 21:20:31'),(43,'BBC Radio 1','bbc-radio-1','<p><strong>Stewart Park, Middlesbrough<br /></strong>Billie Eilish draws the crowds, Miley Cyrus rejects her previous personas and Slowthai steals the day</p>','<p>wanna see gas! I wanna see chaos!&rdquo; <a class=\"u-underline\" href=\"https://www.theguardian.com/music/stormzy\" data-link-name=\"in body link\">Stormzy</a> asserts his major league status by inciting a riot; the BBC Radio 1 for New Music tent can barely hold him, with hundreds of his Middlesbrough fans bottlenecked far from the action. New single <a class=\"u-underline\" href=\"https://www.youtube.com/watch?v=9ClYy0MxsU0\" data-link-name=\"in body link\">Vossi Bop</a>&rsquo;s tight groove was born for big speakers, and a fiery crowd fills in the lyrics for him &ndash; no swearing on the radio &ndash; with an emphatic &ldquo;Fuck the government and fuck Boris!&rdquo; He barrels through his hits with electrifying energy, all before 2pm, landing on early single <a class=\"u-underline\" href=\"https://www.youtube.com/watch?v=PxbzujA69DA\" data-link-name=\"in body link\">Know Me From</a> as a celebratory closer.</p>\r\n<p>The stacked Saturday lineup tears the crowd between SoundCloud-made-flesh US star Billie Eilish and chart-topping Scottish singer-songwriter Lewis Capaldi. Capaldi&rsquo;s cheery patter, brassy vocals and cavalier attitude towards ticker tape melts his massive crowd, and the sing-along for <a class=\"u-underline\" href=\"https://www.youtube.com/watch?v=bCuhuePlP8o\" data-link-name=\"in body link\">Someone You Loved</a> is deafening. Later, <a class=\"u-underline\" href=\"https://www.theguardian.com/music/charli-xcx\" data-link-name=\"in body link\">Charli XCX</a> performs her sticky pop with a vigour usually reserved for drunk karaoke, and <a class=\"u-underline\" href=\"https://www.theguardian.com/music/vampire-weekend\" data-link-name=\"in body link\">Vampire Weekend</a> turn in a muted shift, although new track <a class=\"u-underline\" href=\"https://www.youtube.com/watch?v=FwkrrU2WYKg\" data-link-name=\"in body link\">This Life</a> holds up against festival stalwarts such as A-Punk.</p>\r\n<p>&nbsp;</p>\r\n<p><a class=\"u-underline\" href=\"https://www.theguardian.com/music/miley-cyrus\" data-link-name=\"in body link\">Miley Cyrus</a> delivers a glamorous, revisionist history of her previous pop personas; peppy tracks such as Party in the USA are given rock&rsquo;n&rsquo;roll camouflage to fit a short, serious set, and of three new songs, Mother&rsquo;s Daughter offers a raucous but cliched call for a vague &ldquo;freedom&rdquo; that puts a tougher, adult twist on Cyrus&rsquo;s wild-child reputation and makes an early play for summer anthem status. <a class=\"u-underline\" href=\"https://www.youtube.com/watch?v=A9hcJgtnm6Q\" data-link-name=\"in body link\">Nothing Breaks Like a Heart</a> and Jolene confirm her knack for piercing balladry, and a progressive rock reimagining of Wrecking Ball seals the deal on a new, darker era.</p>\r\n<figure id=\"img-2\" class=\"element element-image img--landscape  fig--narrow-caption fig--has-shares \" data-component=\"image\" data-media-id=\"ed5d743d87ee8ab8c6f96f6af3bbcb988c313305\"><source media=\"(min-width: 660px) and (-webkit-min-device-pixel-ratio: 1.25), (min-width: 660px) and (min-resolution: 120dpi)\" /><source media=\"(min-width: 660px)\" /><source media=\"(min-width: 480px) and (-webkit-min-device-pixel-ratio: 1.25), (min-width: 480px) and (min-resolution: 120dpi)\" /><source media=\"(min-width: 480px)\" /><source media=\"(min-width: 0px)\" /></figure>\r\n<p>&nbsp;</p>\r\n<p>&nbsp;</p>','2019-05-27 21:22:06'),(44,'Europa League’s big brother gives added edge to Arsenal v Chelsea final','europa-league-s-big-brother-gives-added-edge-to-arsenal-v-chelsea-final','<p>Unai Emery&rsquo;s team are under no illusions about the perils of missing out on Champions League qualification if they fail to beat already qualified Chelsea in Baku</p>','<p>or all the <a class=\"u-underline\" href=\"https://www.theguardian.com/football/uefa-europa-league\" data-link-name=\"auto-linked-tag\" data-component=\"auto-linked-tag\">Europa League</a> branding embossed over Baku&rsquo;s Olympic Stadium, European football&rsquo;s little brother could not quite escape the influence of its big brother. If there is one thing that adds an extra edge, an extra layer of intrigue, to this oddity of a London derby taking place roughly 2,500 miles from Big Ben it is that there is more than a trophy at stake. Arsenal desperately crave the return to the Champions League that triumph would bring in this final. Chelsea can deny them that, knowing how damaging it would be to a rival if they get to hoist the silverware.</p>\r\n<p>Everything changed for the Europa League the moment Uefa decided to varnish the competition with the gloss of Champions League qualification. <a class=\"u-underline\" href=\"https://www.theguardian.com/football/unai-emery\" data-link-name=\"auto-linked-tag\" data-component=\"auto-linked-tag\">Unai Emery</a> attempted to suggest there was nothing between the teams in terms of motivation, desire and the size of the prize, but the truth is the stakes are incomparable.</p>\r\n<p>In the blue corner, the team who have <a class=\"u-underline\" title=\"\" href=\"https://www.theguardian.com/football/2019/may/12/leicester-chelsea-premier-league-match-report\" data-link-name=\"in body link\">already reserved their seat at Europe&rsquo;s top table</a> for next season can afford to be more relaxed. Of course they want to win a final and cherish tangible success. But in the red corner it is difficult to overstate just how critical this match is to Arsenal. Returning to the Champions League after a two-year hiatus has been their No 1 aim all season. No one is under any illusion about the perils of missing out, with the multimillion-pound knock-on to their transfer budget and their capacity to attract and keep players, at a time when the Premier League seems to be getting more competitive.</p>\r\n<p>&ldquo;I want to help Arsenal to achieve everything in our way,&rdquo; Emery said. &ldquo;One is Europa League, another is improving to achieve the best position in the football world. <a class=\"u-underline\" href=\"https://www.theguardian.com/football/arsenal\" data-link-name=\"auto-linked-tag\" data-component=\"auto-linked-tag\">Arsenal</a> will be in the 10 best teams of the world. Our objective is to achieve that.&rdquo; He knows full well that one match in Baku can go a long way to making that more or less realistic.</p>\r\n<p>For Emery, the Europa League specialist in search of a record fourth title in a competition he is fond of, the Champions League is the elephant trumpeting loud and trampling all over the dressing room. Granit Xhaka summed up how the players feel.</p>','2019-05-28 23:17:02'),(45,'Naomi Osaka stages fightback to beat Anna Karolina Schmiedlova ','naomi-osaka-stages-fightback-to-beat-anna-karolina-schmiedlova','<p>World No 1 recovers from terrible start against Slovakian</p>','<p>Naomi Osaka has handed out enough bagels in her career to open a bakery but the world No 1 experienced the humiliation herself before recovering to beat Anna Karolina Schmiedlova 0-6, 7-6 (4), 6-1 &ndash; one of the oddest scores at this <a class=\"u-underline\" href=\"https://www.theguardian.com/sport/frenchopen\" data-link-name=\"auto-linked-tag\" data-component=\"auto-linked-tag\">French Open</a>.</p>\r\n<p>The last time Osaka was nilled it was in good company &ndash; Simona Halep paying her back in Rome last year for suffering the same fate at Indian Wells. But she can hardly have expected it from Schmiedlova, the Slovakian world No 90, who twice served for the match.</p>\r\n<p>In the second round she plays Victoria Azarenka, who beat the 2017 champion, Jelena Ostapenko, 6-4, 7-6 (4). Osaka, bidding to become the first player to win a third straight major after winning her first two, has been nursing a hand injury since Rome.</p>\r\n<p>It was feast and famine for the small British contingent on Tuesday. <a class=\"u-underline\" href=\"https://www.theguardian.com/sport/kyle-edmund\" data-link-name=\"auto-linked-tag\" data-component=\"auto-linked-tag\">Kyle Edmund</a> ended his run of five straight defeats in seven minutes when he completed his postponed match against J&eacute;r&eacute;my Chardy like the storm that threatened to wreck the schedule but never properly materialised.</p>\r\n<div id=\"dfp-ad--inline1\" class=\"js-ad-slot ad-slot ad-slot--inline ad-slot--inline1 ad-slot--rendered\" data-link-name=\"ad slot inline1\" data-name=\"inline1\" data-mobile=\"1,1|2,2|300,197|300,250|300,274|fluid\" data-phablet=\"1,1|2,2|300,197|300,250|300,274|620,350|fluid\" data-desktop=\"1,1|2,2|300,250|300,274|620,1|620,350|fluid\" data-google-query-id=\"CO_Qq42Tv-ICFdtx4Aod3o8L4A\">\r\n<div class=\"ad-slot__label\">Advertisement</div>\r\n</div>\r\n<p>The delayed climax of the longest match of the tournament to that point &ndash; four hours and two minutes &ndash; was quick and ruthless, the sort of tennis Edmund will need to reproduce against the experienced Uruguayan clay-court player Pablo Cuevas when they meet for the first time on Thursday.</p>\r\n<p>Edmund resumed with ball in hand and the score standing at 7-6 (1), 5-7, 6-4, 4-6, 5-5, holding and breaking almost without pause. Rain was forecast but the only storm arrived on the strings of Edmund&rsquo;s racket. While he had to soak up 30 aces in their interrupted Monday evening struggle, none came his way at the end.</p>\r\n<p>&ldquo;I knew there was no room for error,&rdquo; Edmund said. &ldquo;After last night, just below four hours, there was fatigue. Best-of-five was a marathon but this was a sprint today, and I just went for it. It&rsquo;s tricky, especially emotionally: you&rsquo;re in the match and then you&rsquo;ve got to switch off. I got out of here at 11pm and arrived at 9am today. I think that is the longest match I&rsquo;ve played, 4:02. It was really good for me to come through that test.&rdquo;</p>','2019-05-28 23:18:08'),(46,'Ferrari face reality while McLaren’s progress is starting to be noted ','ferrari-face-reality-while-mclaren-s-progress-is-starting-to-be-noted','<p>Scuderia admit risks need to be taken in Montreal, it&rsquo;s looking good for Carlos Sainz and Charles Leclerc&rsquo;s season is becoming a fast track of learning experiences</p>','<p>Mercedes came within a whisker of losing a win that was in their hands in Monaco. Having put Lewis Hamilton on the medium tyres, the team principal, Toto Wolff, admitted the British driver had saved their race in bringing his car home and preventing <a class=\"u-underline\" href=\"https://www.theguardian.com/sport/max-verstappen\" data-link-name=\"auto-linked-tag\" data-component=\"auto-linked-tag\">Max Verstappen</a> having a chance to pass. It was welcome for giving the race a tense climax that would otherwise have been lacking. Hamilton was vocal about his concerns throughout, which have been criticised but are the understandable complaining of a driver in a pressure situation he could do nothing about. But perhaps what was most telling was just what type of team Mercedes are, as illustrated afterwards. The chief strategist, James Vowles, said with wry humour he hoped for a hug from Hamilton after the race. Hamilton duly burst into the engineers&rsquo; room and proceeded to spray Vowles with champagne. &ldquo;That&rsquo;s for fucking giving me medium fucking tyres for 68 laps,&rdquo; he said, laughing, before they did indeed hug. Mercedes is an exceptionally efficient machine but one clearly functioning with very human relationships.</p>\r\n<p>The team principal, Mattia Binotto, insisted that while he did not expect a major step forward for the <em>Scuderia</em> at the next round in Canada, he was optimistic that his team could still fight for the championship even if they are defeated in Montreal by Mercedes, for the seventh time this season. He and Sebastian Vettel continue to talk up their chances but their qualifying blunder with Charles Leclerc suggested a harsher reality. Their miscalculation was an operational mistake but it had been prompted by their desire to save a set of tyres, as Binotto admitted because they now had to take chances to catch Mercedes. &ldquo;We are facing a situation where we need to catch up points in the championship,&rdquo; he said. &ldquo;We need to catch up compared to our competitors and when you need to catch up you need to take some risks as well.&rdquo; Such measures in round six suggest they know the title is already gone.</p>','2019-05-28 23:18:58'),(47,'Cheap and cheerful: why there’s more to Primark’s success than you thought','cheap-and-cheerful-why-there-s-more-to-primark-s-success-than-you-thought','<p>While Debenhams and LK Bennett go to the wall, sales are up at Britain&rsquo;s most popular fashion retailer. But it&rsquo;s not all down to price &hellip;</p>','<p>On a sunny morning in Birmingham city centre, Charlene Powell is standing guard over four carrier bags.</p>\r\n<p>They are not all hers, she says hastily. She has come shopping with her mum, but between them they have done well out of their trip to the city&rsquo;s new Primark megastore, a five-floor retail palace that was named by Guinness World Records <a class=\"u-underline\" title=\"\" href=\"https://www.guinnessworldrecords.com/news/commercial/2019/4/worlds-biggest-primark\" data-link-name=\"in body link\">as the biggest clothing store in the world</a> when it was unveiled in April.</p>\r\n<p>&ldquo;I&rsquo;m going on a hen night, so I&rsquo;ve been trying to find some bits and pieces for that &ndash; there&rsquo;s a unicorn theme on the Saturday night. And I&rsquo;ve got some bits for my son because they sell all the Fortnite stuff in there. And some bits for my little girl for summer,&rdquo; says the 30-year-old from Kidderminster. Charlene hasn&rsquo;t shopped in <a class=\"u-underline\" href=\"https://www.theguardian.com/business/primark\" data-link-name=\"auto-linked-tag\" data-component=\"auto-linked-tag\">Primark</a> much before, but she is coming back; she can come by train and be back in time for the school pickup.</p>\r\n<p>Judging by the number of branded brown paper bags swinging from arms or hooked over pushchair handles in Birmingham city centre, she is not alone. If the high street is dying, then Primark, which will mark 50 years in business in June, appears to be immortal. Sales rose by 4% in the six months to March, even as established brands, such as Debenhams and LK Bennett, were going to the wall. And it is remarkable that the biggest British fashion retailer in Britain by volume (if not by value) has done it all without venturing into online shopping. If you want Primark, you still have to get off the sofa and buy it &ndash; and millions happily oblige.</p>','2019-05-28 23:19:49'),(48,'Spuds you like: how hypnosis helped Guy Hands go cold turkey on roast potatoes ','spuds-you-like-how-hypnosis-helped-guy-hands-go-cold-turkey-on-roast-potatoes','<p>The financier and former owner of EMI Guy Hands says he could eat 10 roasties in one sitting. It was bad for his health, so he took drastic action</p>','<p>You say &ldquo;potato&rdquo;; I say controlled substance. Anyone who has ever gone back for just one more roastie will feel some sympathy for the financier <a class=\"u-underline\" href=\"https://www.theguardian.com/media/guyhands\" data-link-name=\"auto-linked-tag\" data-component=\"auto-linked-tag\">Guy Hands</a>, who reportedly has had hypnotherapy to cure his craving for roast potatoes.</p>\r\n<p>&ldquo;I&rsquo;d eat 10 roast potatoes easily,&rdquo; he said. According to a <a class=\"u-underline\" title=\"\" href=\"http://go.theguardian.com/?id=114047X1572903&amp;url=https%3A%2F%2Fwww.thetimes.co.uk%2Fedition%2Fnews%2Fstar-city-investor-guy-hands-admits-addiction-to-roast-potatoes-and-gravy-and-seeking-hypnosis-to-beat-it-fm733ffdf&amp;sref=https://www.theguardian.com/food/shortcuts/2019/may/28/spuds-you-like-how-hypnosis-helped-guy-sands-go-cold-turkey-on-roast-potatoes\" data-link-name=\"in body link\">recent interview</a>, Hands would order roast potatoes and gravy in restaurants. &ldquo;Forget the rest. Just give me roast potatoes and gravy.&rdquo; He had hypnosis, &ldquo;to get myself to decide I hated potatoes &hellip; I said I need to stop desperately wanting to eat potatoes.&rdquo;</p>\r\n<p>Potatoes are a member of the <em>solanaceae</em> (or nightshade) family &ndash; which also includes tobacco. They contain nicotine, but you would have to eat almost 2kg &ndash; even more than Hands was getting through &ndash; to get the same amount as one cigarette. Their wild deliciousness must be down to something else. <a class=\"u-underline\" href=\"https://www.theguardian.com/food/potatoes\" data-link-name=\"auto-linked-tag\" data-component=\"auto-linked-tag\">Potatoes</a> have a high glycaemic index &ndash; they quickly increase blood sugar levels. Although roast potatoes have not, to my knowledge, been the subject of a controlled study, junk-food companies have long known that sugar, salt and fat &ndash; and roast potatoes are swimming in it &ndash; trigger the brain&rsquo;s &ldquo;pleasure&rdquo; centres and override satiety signals.</p>\r\n<p>Hands, who is diabetic, said he was aware potatoes were bad for his health. &ldquo;I found potatoes spiked my sugars more than any other thing out there.&rdquo; People with diabetes, says Anna Daniels, a registered dietitian, should be wary of consuming too much carbohydrate &ldquo;that would increase blood sugar levels&rdquo;.</p>','2019-05-28 23:20:40'),(49,'Foul! Girls want to play football and rugby – so why are schools still not letting them? ','foul-girls-want-to-play-football-and-rugby-so-why-are-schools-still-not-letting-them','<p>Girlguiding is about to launch a campaign to make more school sports available to girls. I wish it had been there for me</p>','<p>Playing sport at school, especially if you&rsquo;re good at it, can be a brilliant escape from the drudgery of academia. But to be a girl who is interested in sport, it turns out, is less of a teamwork-building break from the classroom and more of a battle. According to Girlguiding, which is about to launch a campaign to make more school sports available to girls, only 43% of schoolgirls are offered the same sporting options as boys. Rugby, football and cricket tend only to be offered to boys, while girls tend to get dance, gymnastics and netball.</p>\r\n<p>Being one of just three girls to take PE as a Scottish Standard Grade (GCSE) in my school year meant that, even if I did want to play football, there were never enough girls to make up a team. And playing with the boys? Well, it simply wasn&rsquo;t allowed. Even if I had forced my way on to the pitch, I doubt the ball would have been passed to me.</p>\r\n<p>There is a lot of work to be done in changing the perception of certain &ldquo;masculine&rdquo; sports such as football and rugby. We need to make sure girls feel able to pursue what they are interested in, without being made fun of for doing so and without teachers just assuming a lack of interest. In particular, teachers need to support girls to carry on with sports beyond the age of 14, which is when girls start to drop out of sports at <a class=\"u-underline\" title=\"\" href=\"https://www.bbc.co.uk/programmes/p06jcpqz\" data-link-name=\"in body link\">one-and-a-half times the rate boys do</a>.</p>\r\n<p>All sports would benefit from being less gendered. I loved the grace and elegance of dance and gymnastics when I did it in PE, but always felt a faint pang of jealousy watching the boys trudging in from 30 minutes of muddy glory on the pitch, while we suffered carpet burns from doing forward rolls on ripped-up old mats. I imagine some of the boys would probably have much preferred to have been indoors with us, too.</p>\r\n<p>The good news is that women&rsquo;s football has seen a significant injection of cash ahead of the Women&rsquo;s World Cup in Paris this June. England might win &ndash; which would be fantastic &ndash; and Barclays&rsquo; sponsorship of the Women&rsquo;s Super League will see money go back to the grassroots women&rsquo;s game. Just imagine what these girls will be capable of in a few years&rsquo; time.</p>','2019-05-28 23:21:25'),(50,'SpaceX satellites could blight the night sky, warn astronomers','spacex-satellites-could-blight-the-night-sky-warn-astronomers','<p>Elon Musk&rsquo;s Starlink internet satellites &lsquo;have no public consensus and may impair view of the cosmos&rsquo;</p>','<p>Mega constellations of human-made satellites could soon blight the view of the night sky, astronomers warned following the launch of Elon Musk&rsquo;s Starlink probes last week.</p>\r\n<p>The first 60 of an intended 12,000 satellites were successfully blasted into orbit on Thursday by Musk&rsquo;s company, <a class=\"u-underline\" href=\"https://www.theguardian.com/science/spacex\" data-link-name=\"auto-linked-tag\" data-component=\"auto-linked-tag\">SpaceX</a>, which plans to use them to beam internet communication from space down to Earth.</p>\r\n<p>Sightings of the procession of satellites trailing across the heavens, such as that posted online by the amateur astronomer Marco Langbroek, initially prompted excitement and astonishment.</p>\r\n<p>The spectacle was so bizarre that a <a class=\"u-underline\" href=\"http://www.ufomeldpunt.nl\" data-link-name=\"in body link\">Dutch UFO website</a> was inundated with more than 150 reports from people suspecting an alien encounter was close at hand.</p>\r\n<p>But for astronomers the initial excitement quickly gave way to dismay as they began to calculate the potentially drastic impact on people&rsquo;s views of the cosmos.</p>\r\n<p>&ldquo;I saw that train and it was certainly very spectacular,&rdquo; said Cees Bassa, an astronomer at the Netherlands Institute for Radio <a class=\"u-underline\" href=\"https://www.theguardian.com/science/astronomy\" data-link-name=\"auto-linked-tag\" data-component=\"auto-linked-tag\">Astronomy</a>. &ldquo;With that comes the realisation that if several thousands of these are launched it will change what the night sky looks like.&rdquo;</p>','2019-05-28 23:25:00'),(51,'Virtual reality: how women are taking a leading role in the sector ','virtual-reality-how-women-are-taking-a-leading-role-in-the-sector','<p>Despite a well-documented gender imbalance within the tech industry, a recent survey suggests that when it comes to VR, women are starting to take up leadership roles in greater numbers</p>','<p>When the Arab spring uprising began in 2010, film-maker Tamara Shogaolu was living in Egypt. As she travelled around the country collecting oral histories of people&rsquo;s experiences, she realised the role virtual reality (VR) could play in showcasing these stories. Her VR documentary, Another Dream, debuted at the Tribeca film festival in April. It follows an Egyptian lesbian couple who, facing the post-revolution backlash against LGBT people, escape the country to seek asylum in the Netherlands.</p>\r\n<p>&ldquo;When you&rsquo;re listening to someone&rsquo;s voice, to be physically present in their memories is so interesting,&rdquo; explains Shogaolu. During the production, the characters would describe their feeling of difference as people of colour in majority-white spaces. And it was a feeling familiar to Shogaolu herself, as a black woman working in the <a class=\"u-underline\" href=\"https://www.theguardian.com/lifeandstyle/2017/aug/08/why-are-there-so-few-women-in-tech-the-truth-behind-the-google-memo\" data-link-name=\"in body link\">male-dominated and white-majority world of tech</a>.</p>\r\n<p>VR provided an opportunity to do something spectacular, to allow an audience to sit within a scene and experience &ldquo;what it&rsquo;s like to feel different&rdquo;.</p>\r\n<p>Technology&rsquo;s diversity problem is well-documented. Across the UK, women make up less than<a class=\"u-underline\" href=\"https://www.techuk.org/insights/news/item/14632-tech-talent-charter-report-launch\" data-link-name=\"in body link\"> 20% of the tech workforce</a> (some reports put this number as low as 11%), while at senior level women average <a class=\"u-underline\" href=\"https://www.women-in-technology.com/wintec-blog/what-percentage-of-tech-sector-employees-are-women\" data-link-name=\"in body link\">between 5%</a> and <a class=\"u-underline\" href=\"http://www.inclusiveboards.co.uk/tech-report-launch/\" data-link-name=\"in body link\">15%</a>. For black, Asian and minority ethnic (BAME) workers, the <a class=\"u-underline\" href=\"https://www.theguardian.com/technology/2018/nov/14/worrying-lack-of-diversity-in-britains-technology-sector-race-gender-report-finds\" data-link-name=\"in body link\">numbers are even lower</a>. However, a <a class=\"u-underline\" href=\"https://venturebeat.com/2017/01/29/passion-drives-innovation-ar-and-vr-founders-survey-reveals-new-trends/\" data-link-name=\"in body link\">recent survey</a> of 70 US virtual reality companies suggests that within VR specifically, women take up a higher amount of leadership roles &ndash; 64%. However, as users of the technology, only <a class=\"u-underline\" href=\"https://blog.globalwebindex.com/chart-of-the-week/augmented-virtual-reality/\" data-link-name=\"in body link\">16% of women had used VR compared with 30% of men</a> in the UK and US.</p>','2019-05-28 23:26:04'),(52,'Adelaide teenager gets good-behaviour bond for hacking Apple systems twice ','adelaide-teenager-gets-good-behaviour-bond-for-hacking-apple-systems-twice','<p>Court hears boy, who hacked the tech giant&rsquo;s systems when he was 13 and 15, was trying to secure a job with the company</p>','<p>An <a class=\"u-underline\" href=\"https://www.theguardian.com/australia-news/adelaide\" data-link-name=\"auto-linked-tag\" data-component=\"auto-linked-tag\">Adelaide</a> teenager who twice hacked into Apple&rsquo;s computer systems has been placed on a good-behaviour bond.</p>\r\n<p>The 17-year-old boy, who can&rsquo;t be named, hacked the tech giant&rsquo;s systems first when he was just 13 and then again when he was 15.</p>\r\n<p>He came to the notice of authorities after the second incident when <a class=\"u-underline\" href=\"https://www.theguardian.com/technology/apple\" data-link-name=\"auto-linked-tag\" data-component=\"auto-linked-tag\">Apple</a> contacted the FBI, which in turn contacted Australian federal police.</p>\r\n<p>However, prosecutors told the youth court on Monday the company suffered no loss or damage as a result of the hacks.</p>\r\n<p>The court also heard the boy had been motivated by his desire to secure a job with Apple.</p>\r\n<p>He pleaded guilty to several counts of unauthorised modification of data and was placed on a nine-month good-behaviour bond.</p>','2019-05-28 23:27:12');
/*!40000 ALTER TABLE `blog_posts` ENABLE KEYS */;
UNLOCK TABLES;

--
-- Dumping routines for database 'blog'
--
/*!40103 SET TIME_ZONE=@OLD_TIME_ZONE */;

/*!40101 SET SQL_MODE=@OLD_SQL_MODE */;
/*!40014 SET FOREIGN_KEY_CHECKS=@OLD_FOREIGN_KEY_CHECKS */;
/*!40014 SET UNIQUE_CHECKS=@OLD_UNIQUE_CHECKS */;
/*!40101 SET CHARACTER_SET_CLIENT=@OLD_CHARACTER_SET_CLIENT */;
/*!40101 SET CHARACTER_SET_RESULTS=@OLD_CHARACTER_SET_RESULTS */;
/*!40101 SET COLLATION_CONNECTION=@OLD_COLLATION_CONNECTION */;
/*!40111 SET SQL_NOTES=@OLD_SQL_NOTES */;

-- Dump completed on 2019-05-28 23:53:55
